{"id":"a16e2ef9-2487-4f8b-b00b-483a31b98905","name":"Medical Approval","key":"medicalApproval","description":"","editorJson":{"name":"Medical Approval","key":"medicalApproval","version":0,"fields":[{"fieldType":"ExpressionFormField","id":"label","name":"Label","type":"expression","value":null,"required":false,"readOnly":false,"overrideId":false,"placeholder":null,"layout":null,"sizeX":0,"sizeY":0,"expression":"Medical Feedback : ${medicalfeedback}"},{"fieldType":"FormField","id":"medicalApproval","name":"Medical Approval","type":"boolean","value":null,"required":false,"readOnly":false,"overrideId":true,"placeholder":null,"layout":null,"sizeX":0,"sizeY":0}],"outcomes":[]}}